day,Hole ID,Depth Below Surface [m],Neutron Count (MD)
2016-05-02,500,0.26670000000000005,1755
2016-05-02,500,0.5715000000000001,5118
2016-05-02,500,0.8763000000000001,5577
2016-05-02,500,1.1811,5321
2016-05-02,500,1.4859000000000002,5256
2016-05-02,501,0.26670000000000005,1675
2016-05-02,501,0.5715000000000001,5696
2016-05-02,501,0.8763000000000001,5940
2016-05-02,501,1.1811,5850
2016-05-02,501,1.4859000000000002,5496
2016-05-02,501,1.7907,4885
2016-05-02,501,2.0955000000000004,4278
2016-05-02,501,2.4003000000000005,3982
2016-05-02,501,2.7051,4051
2016-05-02,501,3.0099,4258
2016-05-02,501,3.3147,4336
2016-05-02,501,3.6195000000000004,4286
2016-05-02,501,3.9242999999999997,4544
2016-05-02,501,4.2291,5472
2016-05-02,501,4.5339,4927
2016-05-02,501,4.8387,5655
2016-05-02,501,5.1435,6044
2016-05-02,501,5.4483,5769
2016-05-02,501,5.7531,5615
2016-05-02,501,6.0579,5834
2016-05-02,501,6.3627,6168
2016-05-02,501,6.6675,5720
2016-05-02,501,6.972300000000001,5623
2016-05-02,501,7.2771,5420
2016-05-02,501,7.5819,4445
2016-05-02,501,7.886699999999999,4718
2016-05-02,501,8.1915,4281
2016-05-02,501,8.4963,4131
2016-05-02,501,8.8011,4001
2016-05-02,502,0.26670000000000005,2924
2016-05-02,502,0.5715000000000001,6136
2016-05-02,502,0.8763000000000001,5923
2016-05-02,502,1.1811,6585
2016-05-02,503,0.26670000000000005,3427
2016-05-02,503,0.5715000000000001,4217
2016-05-02,503,0.8763000000000001,4257
2016-05-02,503,1.1811,4531
2016-05-02,503,1.4859000000000002,4422
2016-05-02,503,1.7907,4397
2016-05-02,503,2.0955000000000004,4462
2016-05-02,503,2.4003000000000005,4200
2016-05-02,503,2.7051,4129
2016-05-02,503,3.0099,4351
2016-05-02,503,3.3147,4002
2016-05-02,503,3.6195000000000004,4069
2016-05-02,503,3.9242999999999997,3850
2016-05-02,503,4.2291,3875
2016-05-02,503,4.5339,4145
2016-05-02,503,4.8387,4118
2016-05-02,503,5.1435,4097
2016-05-02,503,5.4483,3971
2016-05-02,503,5.7531,4238
2016-05-02,503,6.0579,3819
2016-05-02,503,6.3627,4153
2016-05-02,503,6.6675,4108
2016-05-02,503,6.972300000000001,4194
2016-05-02,505,0.26670000000000005,4569
2016-05-02,505,0.5715000000000001,5422
2016-05-02,505,0.8763000000000001,4657
2016-05-02,505,1.1811,4985
2016-05-02,505,1.4859000000000002,5076
2016-05-02,505,1.7907,4951
2016-05-02,505,2.0955000000000004,4597
2016-05-02,505,2.4003000000000005,5213
2016-05-02,505,2.7051,5226
2016-05-02,505,3.0099,5150
2016-05-02,505,3.3147,5446
2016-05-02,505,3.6195000000000004,4859
2016-05-02,505,3.9242999999999997,4958
2016-05-02,505,4.2291,5416
2016-05-02,505,4.5339,5291
2016-05-02,505,4.8387,5744
2016-05-02,505,5.1435,5246
2016-05-02,505,5.4483,5547
2016-05-02,505,5.7531,5031
2016-05-02,505,6.0579,5095
2016-05-02,506,0.26670000000000005,4610
2016-05-02,506,0.5715000000000001,6046
2016-05-02,506,0.8763000000000001,5928
2016-05-02,506,1.1811,5771
2016-05-02,506,1.4859000000000002,5817
2016-05-02,506,1.7907,6180
2016-05-19,500,0.5715000000000001,4594
2016-05-19,500,0.8763000000000001,5149
2016-05-19,500,1.1811,5233
2016-05-19,500,1.4859000000000002,5173
2016-05-19,501,0.5715000000000001,5002
2016-05-19,501,0.8763000000000001,5785
2016-05-19,501,1.1811,5707
2016-05-19,501,1.4859000000000002,5389
2016-05-19,501,1.7907,4915
2016-05-19,501,2.0955000000000004,4202
2016-05-19,501,2.4003000000000005,4188
2016-05-19,501,2.7051,4103
2016-05-19,501,3.0099,4294
2016-05-19,501,3.3147,4270
2016-05-19,501,3.6195000000000004,4262
2016-05-19,501,3.9242999999999997,4606
2016-05-19,501,4.2291,5584
2016-05-19,501,4.5339,4832
2016-05-19,501,4.8387,5495
2016-05-19,501,5.1435,5954
2016-05-19,501,5.4483,5651
2016-05-19,501,5.7531,5622
2016-05-19,501,6.0579,5884
2016-05-19,501,6.3627,6222
2016-05-19,501,6.6675,5552
2016-05-19,501,6.972300000000001,5659
2016-05-19,501,7.2771,5398
2016-05-19,501,7.5819,4400
2016-05-19,501,7.886699999999999,4745
2016-05-19,501,8.1915,4227
2016-05-19,501,8.4963,4079
2016-05-19,501,8.8011,4130
2016-05-19,502,0.5715000000000001,5605
2016-05-19,502,0.8763000000000001,5605
2016-05-19,503,0.5715000000000001,3893
2016-05-19,503,0.8763000000000001,4194
2016-05-19,503,1.1811,4370
2016-05-19,503,1.4859000000000002,4179
2016-05-19,503,1.7907,4270
2016-05-19,503,2.0955000000000004,4368
2016-05-19,503,2.4003000000000005,4179
2016-05-19,503,2.7051,4123
2016-05-19,503,3.0099,4466
2016-05-19,503,3.3147,3982
2016-05-19,503,3.6195000000000004,3917
2016-05-19,503,3.9242999999999997,3909
2016-05-19,503,4.2291,3914
2016-05-19,503,4.5339,3967
2016-05-19,503,4.8387,4065
2016-05-19,503,5.1435,4041
2016-05-19,503,5.4483,4110
2016-05-19,503,5.7531,4113
2016-05-19,503,6.0579,3932
2016-05-19,503,6.3627,4277
2016-05-19,503,6.6675,4080
2016-05-19,503,6.972300000000001,4187
2016-05-19,505,0.5715000000000001,5017
2016-05-19,505,0.8763000000000001,4448
2016-05-19,505,1.1811,4895
2016-05-19,505,1.4859000000000002,5065
2016-05-19,505,1.7907,4929
2016-05-19,505,2.0955000000000004,4627
2016-05-19,505,2.4003000000000005,5065
2016-05-19,505,2.7051,5114
2016-05-19,505,3.0099,5075
2016-05-19,505,3.3147,5323
2016-05-19,505,3.6195000000000004,4835
2016-05-19,505,3.9242999999999997,4951
2016-05-19,505,4.2291,5496
2016-05-19,505,4.5339,5262
2016-05-19,505,4.8387,5716
2016-05-19,505,5.1435,5209
2016-05-19,505,5.4483,5534
2016-05-19,505,5.7531,5073
2016-05-19,506,0.5715000000000001,5883
2016-05-19,506,0.8763000000000001,5818
2016-05-19,506,1.1811,5739
2016-05-19,506,1.4859000000000002,5954
2016-05-19,506,1.7907,6010
2016-05-19,506,2.0955000000000004,5743
2016-05-19,506,2.4003000000000005,5761
2016-05-19,507,0.5715000000000001,6078
2016-05-19,507,0.8763000000000001,5399
2016-05-19,508,0.5715000000000001,7369
2016-05-19,MN-1,0.26670000000000005,6065
2016-05-19,MN-1,0.5715000000000001,7090
2016-05-19,MN-1,0.8763000000000001,5463
2016-05-19,MN-1,1.1811,5629
2016-05-19,MN-1,1.4859000000000002,6525
2016-06-10,500,0.5715000000000001,4278
2016-06-10,500,0.8763000000000001,4802
2016-06-10,500,1.1811,4706
2016-06-10,500,1.4859000000000002,4768
2016-06-10,501,0.5715000000000001,4449
2016-06-10,501,0.8763000000000001,4811
2016-06-10,501,1.1811,4914
2016-06-10,501,1.4859000000000002,4998
2016-06-10,501,1.7907,4821
2016-06-10,501,2.0955000000000004,4308
2016-06-10,501,2.4003000000000005,4012
2016-06-10,501,2.7051,4097
2016-06-10,501,3.0099,4298
2016-06-10,501,3.3147,4208
2016-06-10,501,3.6195000000000004,4224
2016-06-10,501,3.9242999999999997,4642
2016-06-10,501,4.2291,5563
2016-06-10,501,4.5339,4917
2016-06-10,501,4.8387,5591
2016-06-10,501,5.1435,5927
2016-06-10,501,5.4483,5719
2016-06-10,501,5.7531,5745
2016-06-10,501,6.0579,5895
2016-06-10,501,6.3627,6275
2016-06-10,501,6.6675,5683
2016-06-10,501,6.972300000000001,5645
2016-06-10,501,7.2771,5394
2016-06-10,501,7.5819,4393
2016-06-10,501,7.886699999999999,4630
2016-06-10,501,8.1915,4274
2016-06-10,501,8.4963,4117
2016-06-10,501,8.8011,4068
2016-06-10,501,9.1059,4742
2016-06-10,502,0.26670000000000005,2583
2016-06-10,502,0.5715000000000001,5161
2016-06-10,502,0.8763000000000001,5266
2016-06-10,502,1.1811,6151
2016-06-10,503,0.26670000000000005,2767
2016-06-10,503,0.5715000000000001,3728
2016-06-10,503,0.8763000000000001,4048
2016-06-10,503,1.1811,4213
2016-06-10,503,1.4859000000000002,4181
2016-06-10,503,1.7907,4333
2016-06-10,503,2.0955000000000004,4362
2016-06-10,503,2.4003000000000005,4117
2016-06-10,503,2.7051,4080
2016-06-10,503,3.0099,4321
2016-06-10,503,3.3147,4058
2016-06-10,503,3.6195000000000004,3985
2016-06-10,503,3.9242999999999997,3862
2016-06-10,503,4.2291,3947
2016-06-10,503,4.5339,4096
2016-06-10,503,4.8387,4134
2016-06-10,503,5.1435,4010
2016-06-10,503,5.4483,4023
2016-06-10,503,5.7531,4148
2016-06-10,503,6.0579,3932
2016-06-10,503,6.3627,4172
2016-06-10,503,6.6675,4077
2016-06-10,503,6.972300000000001,4253
2016-06-10,503,7.2771,4165
2016-06-10,505,0.26670000000000005,3361
2016-06-10,505,0.5715000000000001,4560
2016-06-10,505,0.8763000000000001,4194
2016-06-10,505,1.1811,4729
2016-06-10,505,1.4859000000000002,4749
2016-06-10,505,1.7907,4640
2016-06-10,505,2.0955000000000004,4504
2016-06-10,505,2.4003000000000005,4957
2016-06-10,505,2.7051,4981
2016-06-10,505,3.0099,4969
2016-06-10,505,3.3147,5247
2016-06-10,505,3.6195000000000004,4784
2016-06-10,505,3.9242999999999997,5039
2016-06-10,505,4.2291,5376
2016-06-10,505,4.5339,5186
2016-06-10,505,4.8387,5645
2016-06-10,505,5.1435,5206
2016-06-10,505,5.4483,5463
2016-06-10,505,5.7531,5143
2016-06-10,506,0.26670000000000005,3586
2016-06-10,506,0.5715000000000001,4984
2016-06-10,506,0.8763000000000001,4927
2016-06-10,506,1.1811,5445
2016-06-10,506,1.4859000000000002,5853
2016-06-10,506,1.7907,5892
2016-06-10,506,2.0955000000000004,5517
2016-06-10,506,2.4003000000000005,5795
2016-06-10,506,2.7051,5699
2016-06-10,507,0.26670000000000005,4868
2016-06-10,507,0.5715000000000001,5378
2016-06-10,507,0.8763000000000001,4932
2016-06-10,507,1.1811,4801
2016-06-10,508,0.26670000000000005,4529
2016-06-10,508,0.5715000000000001,6753
2016-06-10,508,0.8763000000000001,6543
2016-06-10,MN-1,0.26670000000000005,4250
2016-06-10,MN-1,0.5715000000000001,6384
2016-06-10,MN-1,0.8763000000000001,5041
2016-06-10,MN-1,1.1811,5322
2016-06-10,MN-1,1.4859000000000002,6398
2016-06-10,MS-4,0.26670000000000005,4072
2016-06-10,MS-4,0.5715000000000001,5219
2016-06-10,MS-4,0.8763000000000001,5590
2016-06-10,MS-4,1.1811,5253
2016-06-25,500,0.26670000000000005,1503
2016-06-25,500,0.5715000000000001,4191
2016-06-25,500,0.8763000000000001,4754
2016-06-25,500,1.1811,4641
2016-06-25,500,1.4859000000000002,4706
2016-06-25,501,0.26670000000000005,1392
2016-06-25,501,0.5715000000000001,4407
2016-06-25,501,0.8763000000000001,4768
2016-06-25,501,1.1811,4924
2016-06-25,501,1.4859000000000002,4932
2016-06-25,501,1.7907,4479
2016-06-25,501,2.0955000000000004,4273
2016-06-25,501,2.4003000000000005,4037
2016-06-25,501,2.7051,3997
2016-06-25,501,3.0099,4317
2016-06-25,501,3.3147,4293
2016-06-25,501,3.6195000000000004,4374
2016-06-25,501,3.9242999999999997,4556
2016-06-25,501,4.2291,5467
2016-06-25,501,4.5339,4827
2016-06-25,501,4.8387,5631
2016-06-25,501,5.1435,5982
2016-06-25,501,5.4483,5911
2016-06-25,501,5.7531,5663
2016-06-25,501,6.0579,5855
2016-06-25,501,6.3627,6234
2016-06-25,501,6.6675,5687
2016-06-25,501,6.972300000000001,5642
2016-06-25,501,7.2771,5454
2016-06-25,501,7.5819,4291
2016-06-25,501,7.886699999999999,4658
2016-06-25,501,8.1915,4252
2016-06-25,501,8.4963,4115
2016-06-25,501,8.8011,4092
2016-06-25,501,9.1059,4696
2016-06-25,502,0.26670000000000005,2555
2016-06-25,502,0.5715000000000001,5017
2016-06-25,502,0.8763000000000001,5324
2016-06-25,502,1.1811,6106
2016-06-25,502,1.4859000000000002,6008
2016-06-25,503,0.26670000000000005,3521
2016-06-25,503,0.5715000000000001,3821
2016-06-25,503,0.8763000000000001,3944
2016-06-25,503,1.1811,4165
2016-06-25,503,1.4859000000000002,4120
2016-06-25,503,1.7907,4068
2016-06-25,503,2.0955000000000004,4327
2016-06-25,503,2.4003000000000005,4051
2016-06-25,503,2.7051,4023
2016-06-25,503,3.0099,4407
2016-06-25,503,3.3147,3943
2016-06-25,503,3.6195000000000004,3984
2016-06-25,503,3.9242999999999997,3926
2016-06-25,503,4.2291,3891
2016-06-25,503,4.5339,4016
2016-06-25,503,4.8387,4206
2016-06-25,503,5.1435,4008
2016-06-25,503,5.4483,4067
2016-06-25,503,5.7531,4108
2016-06-25,503,6.0579,3917
2016-06-25,503,6.3627,4208
2016-06-25,503,6.6675,4186
2016-06-25,503,6.972300000000001,4165
2016-06-25,503,7.2771,4060
2016-06-25,505,0.26670000000000005,3721
2016-06-25,505,0.5715000000000001,4527
2016-06-25,505,0.8763000000000001,4100
2016-06-25,505,1.1811,4785
2016-06-25,505,1.4859000000000002,4858
2016-06-25,505,1.7907,4683
2016-06-25,505,2.0955000000000004,4509
2016-06-25,505,2.4003000000000005,4900
2016-06-25,505,2.7051,4605
2016-06-25,505,3.0099,4798
2016-06-25,505,3.3147,5069
2016-06-25,505,3.6195000000000004,4782
2016-06-25,505,3.9242999999999997,5005
2016-06-25,505,4.2291,5390
2016-06-25,505,4.5339,5148
2016-06-25,505,4.8387,5707
2016-06-25,505,5.1435,5214
2016-06-25,505,5.4483,5427
2016-06-25,505,5.7531,5083
2016-06-25,506,0.26670000000000005,3864
2016-06-25,506,0.5715000000000001,4812
2016-06-25,506,0.8763000000000001,4682
2016-06-25,506,1.1811,4929
2016-06-25,506,1.4859000000000002,5526
2016-06-25,506,1.7907,5589
2016-06-25,506,2.0955000000000004,5768
2016-06-25,506,2.4003000000000005,5723
2016-06-25,506,2.7051,5677
2016-06-25,507,0.26670000000000005,5078
2016-06-25,507,0.5715000000000001,5538
2016-06-25,507,0.8763000000000001,4821
2016-06-25,507,1.1811,4783
2016-06-25,508,0.26670000000000005,5322
2016-06-25,508,0.5715000000000001,6835
2016-06-25,508,0.8763000000000001,6483
2016-06-25,508,1.1811,7208
2016-06-25,MN-1,0.26670000000000005,4258
2016-06-25,MN-1,0.5715000000000001,5970
2016-06-25,MN-1,0.8763000000000001,4934
2016-06-25,MN-1,1.1811,5291
2016-06-25,MN-1,1.4859000000000002,5912
2016-06-25,MS-4,0.26670000000000005,4252
2016-06-25,MS-4,0.5715000000000001,4708
2016-06-25,MS-4,0.8763000000000001,5254
2016-06-25,MS-4,1.1811,5126
2016-06-25,MS-4,1.4859000000000002,6070
2016-07-25,500,0.26670000000000005,1422
2016-07-25,500,0.5715000000000001,4315
2016-07-25,500,0.8763000000000001,4765
2016-07-25,500,1.1811,4480
2016-07-25,500,1.4859000000000002,4604
2016-07-25,500,1.7907,4201
2016-07-25,501,0.26670000000000005,1308
2016-07-25,501,0.5715000000000001,4296
2016-07-25,501,0.8763000000000001,4687
2016-07-25,501,1.1811,4802
2016-07-25,501,1.4859000000000002,4554
2016-07-25,501,1.7907,4338
2016-07-25,501,2.0955000000000004,4096
2016-07-25,501,2.4003000000000005,3986
2016-07-25,501,2.7051,4051
2016-07-25,501,3.0099,4127
2016-07-25,501,3.3147,4244
2016-07-25,501,3.6195000000000004,4281
2016-07-25,501,3.9242999999999997,4690
2016-07-25,501,4.2291,5453
2016-07-25,501,4.5339,4964
2016-07-25,501,4.8387,5590
2016-07-25,501,5.1435,5980
2016-07-25,501,5.4483,5770
2016-07-25,501,5.7531,5726
2016-07-25,501,6.0579,5870
2016-07-25,501,6.3627,6113
2016-07-25,501,6.6675,5669
2016-07-25,501,6.972300000000001,5550
2016-07-25,501,7.2771,5316
2016-07-25,501,7.5819,4261
2016-07-25,501,7.886699999999999,4519
2016-07-25,501,8.1915,4263
2016-07-25,501,8.4963,4087
2016-07-25,501,8.8011,4034
2016-07-25,501,9.1059,4676
2016-07-25,502,0.26670000000000005,2357
2016-07-25,502,0.5715000000000001,4983
2016-07-25,502,0.8763000000000001,5277
2016-07-25,502,1.1811,5970
2016-07-25,502,1.4859000000000002,5639
2016-07-25,502,1.7907,5654
2016-07-25,503,0.26670000000000005,3823
2016-07-25,503,0.5715000000000001,3773
2016-07-25,503,0.8763000000000001,3915
2016-07-25,503,1.1811,3983
2016-07-25,503,1.4859000000000002,3997
2016-07-25,503,1.7907,4132
2016-07-25,503,2.0955000000000004,4082
2016-07-25,503,2.4003000000000005,3975
2016-07-25,503,2.7051,3839
2016-07-25,503,3.0099,4293
2016-07-25,503,3.3147,3963
2016-07-25,503,3.6195000000000004,3907
2016-07-25,503,3.9242999999999997,3794
2016-07-25,503,4.2291,3865
2016-07-25,503,4.5339,4096
2016-07-25,503,4.8387,4110
2016-07-25,503,5.1435,3977
2016-07-25,503,5.4483,4009
2016-07-25,503,5.7531,4152
2016-07-25,503,6.0579,3973
2016-07-25,503,6.3627,4138
2016-07-25,503,6.6675,4101
2016-07-25,503,6.972300000000001,4139
2016-07-25,503,7.2771,4225
2016-07-25,503,7.5819,4097
2016-07-25,505,0.26670000000000005,3123
2016-07-25,505,0.5715000000000001,4377
2016-07-25,505,0.8763000000000001,3940
2016-07-25,505,1.1811,4568
2016-07-25,505,1.4859000000000002,4562
2016-07-25,505,1.7907,4492
2016-07-25,505,2.0955000000000004,4372
2016-07-25,505,2.4003000000000005,4835
2016-07-25,505,2.7051,4407
2016-07-25,505,3.0099,4510
2016-07-25,505,3.3147,4993
2016-07-25,505,3.6195000000000004,4510
2016-07-25,505,3.9242999999999997,4744
2016-07-25,505,4.2291,5200
2016-07-25,505,4.5339,5024
2016-07-25,505,4.8387,5612
2016-07-25,505,5.1435,5203
2016-07-25,505,5.4483,5336
2016-07-25,505,5.7531,5205
2016-07-25,505,6.0579,5160
2016-07-25,506,0.26670000000000005,3786
2016-07-25,506,0.5715000000000001,4767
2016-07-25,506,0.8763000000000001,4548
2016-07-25,506,1.1811,4781
2016-07-25,506,1.4859000000000002,5082
2016-07-25,506,1.7907,5416
2016-07-25,506,2.0955000000000004,5059
2016-07-25,506,2.4003000000000005,5328
2016-07-25,506,2.7051,5486
2016-07-25,506,3.0099,5639
2016-07-25,507,0.26670000000000005,4490
2016-07-25,507,0.5715000000000001,5612
2016-07-25,507,0.8763000000000001,4934
2016-07-25,507,1.1811,4834
2016-07-25,507,1.4859000000000002,4756
2016-07-25,508,0.26670000000000005,4501
2016-07-25,508,0.5715000000000001,6688
2016-07-25,508,0.8763000000000001,6410
2016-07-25,508,1.1811,7084
2016-07-25,508,1.4859000000000002,7409
2016-07-25,MN-1,0.26670000000000005,3443
2016-07-25,MN-1,0.5715000000000001,5680
2016-07-25,MN-1,0.8763000000000001,4801
2016-07-25,MN-1,1.1811,5093
2016-07-25,MN-1,1.4859000000000002,5608
2016-07-25,MN-1,1.7907,6588
2016-07-25,MN-1,2.0955000000000004,8023
2016-07-25,MS-4,0.26670000000000005,3186
2016-07-25,MS-4,0.5715000000000001,4077
2016-07-25,MS-4,0.8763000000000001,4803
2016-07-25,MS-4,1.1811,4841
2016-07-25,MS-4,1.4859000000000002,5647
2016-07-25,MS-4,1.7907,6321
2016-08-26,500,0.26670000000000005,1366
2016-08-26,500,0.5715000000000001,4360
2016-08-26,500,0.8763000000000001,4717
2016-08-26,500,1.1811,4460
2016-08-26,500,1.4859000000000002,4573
2016-08-26,500,1.7907,4064
2016-08-26,500,2.0955000000000004,4613
2016-08-26,501,0.26670000000000005,1116
2016-08-26,501,0.5715000000000001,4300
2016-08-26,501,0.8763000000000001,4651
2016-08-26,501,1.1811,4703
2016-08-26,501,1.4859000000000002,4563
2016-08-26,501,1.7907,4403
2016-08-26,501,2.0955000000000004,4207
2016-08-26,501,2.4003000000000005,3840
2016-08-26,501,2.7051,4087
2016-08-26,501,3.0099,4282
2016-08-26,501,3.3147,4227
2016-08-26,501,3.6195000000000004,4326
2016-08-26,501,3.9242999999999997,4623
2016-08-26,501,4.2291,5428
2016-08-26,501,4.5339,4720
2016-08-26,501,4.8387,5627
2016-08-26,501,5.1435,5869
2016-08-26,501,5.4483,5788
2016-08-26,501,5.7531,5610
2016-08-26,501,6.0579,5874
2016-08-26,501,6.3627,6241
2016-08-26,501,6.6675,5608
2016-08-26,501,6.972300000000001,5520
2016-08-26,501,7.2771,5396
2016-08-26,501,7.5819,4250
2016-08-26,501,7.886699999999999,4583
2016-08-26,501,8.1915,4106
2016-08-26,501,8.4963,4133
2016-08-26,501,8.8011,4086
2016-08-26,501,9.1059,4715
2016-08-26,502,0.26670000000000005,2322
2016-08-26,502,0.5715000000000001,4877
2016-08-26,502,0.8763000000000001,5103
2016-08-26,502,1.1811,5941
2016-08-26,502,1.4859000000000002,5558
2016-08-26,502,1.7907,5398
2016-08-26,503,0.26670000000000005,2780
2016-08-26,503,0.5715000000000001,3679
2016-08-26,503,0.8763000000000001,3839
2016-08-26,503,1.1811,3812
2016-08-26,503,1.4859000000000002,3937
2016-08-26,503,1.7907,3929
2016-08-26,503,2.0955000000000004,4016
2016-08-26,503,2.4003000000000005,3743
2016-08-26,503,2.7051,3745
2016-08-26,503,3.0099,3997
2016-08-26,503,3.3147,3703
2016-08-26,503,3.6195000000000004,3826
2016-08-26,503,3.9242999999999997,3826
2016-08-26,503,4.2291,3767
2016-08-26,503,4.5339,3985
2016-08-26,503,4.8387,4019
2016-08-26,503,5.1435,4008
2016-08-26,503,5.4483,4065
2016-08-26,503,5.7531,4124
2016-08-26,503,6.0579,3928
2016-08-26,503,6.3627,4208
2016-08-26,503,6.6675,4141
2016-08-26,503,6.972300000000001,4106
2016-08-26,503,7.2771,4161
2016-08-26,503,7.5819,4028
2016-08-26,503,7.886699999999999,4244
2016-08-26,505,0.26670000000000005,2974
2016-08-26,505,0.5715000000000001,4184
2016-08-26,505,0.8763000000000001,3868
2016-08-26,505,1.1811,4374
2016-08-26,505,1.4859000000000002,4464
2016-08-26,505,1.7907,4456
2016-08-26,505,2.0955000000000004,4320
2016-08-26,505,2.4003000000000005,4628
2016-08-26,505,2.7051,4435
2016-08-26,505,3.0099,4243
2016-08-26,505,3.3147,4679
2016-08-26,505,3.6195000000000004,4512
2016-08-26,505,3.9242999999999997,4613
2016-08-26,505,4.2291,4942
2016-08-26,505,4.5339,5005
2016-08-26,505,4.8387,5371
2016-08-26,505,5.1435,5225
2016-08-26,505,5.4483,5239
2016-08-26,505,5.7531,5179
2016-08-26,505,6.0579,5121
2016-08-26,506,0.26670000000000005,3507
2016-08-26,506,0.5715000000000001,4627
2016-08-26,506,0.8763000000000001,4597
2016-08-26,506,1.1811,4780
2016-08-26,506,1.4859000000000002,5091
2016-08-26,506,1.7907,5377
2016-08-26,506,2.0955000000000004,5021
2016-08-26,506,2.4003000000000005,5316
2016-08-26,506,2.7051,5346
2016-08-26,506,3.0099,5482
2016-08-26,506,3.3147,5851
2016-08-26,507,0.26670000000000005,4426
2016-08-26,507,0.5715000000000001,5504
2016-08-26,507,0.8763000000000001,4785
2016-08-26,507,1.1811,4768
2016-08-26,507,1.4859000000000002,4649
2016-08-26,508,0.26670000000000005,4773
2016-08-26,508,0.5715000000000001,6702
2016-08-26,508,0.8763000000000001,6552
2016-08-26,508,1.1811,7043
2016-08-26,508,1.4859000000000002,7231
2016-08-26,MN-1,0.26670000000000005,3034
2016-08-26,MN-1,0.5715000000000001,5374
2016-08-26,MN-1,0.8763000000000001,4841
2016-08-26,MN-1,1.1811,5007
2016-08-26,MN-1,1.4859000000000002,5419
2016-08-26,MN-1,1.7907,6329
2016-08-26,MN-1,2.0955000000000004,7171
2016-08-26,MS-4,0.26670000000000005,3141
2016-08-26,MS-4,0.5715000000000001,3863
2016-08-26,MS-4,0.8763000000000001,4726
2016-08-26,MS-4,1.1811,4741
2016-08-26,MS-4,1.4859000000000002,5206
2016-08-26,MS-4,1.7907,5924
2016-09-17,500,0.26670000000000005,1286
2016-09-17,500,0.5715000000000001,4253
2016-09-17,500,0.8763000000000001,4752
2016-09-17,500,1.1811,4498
2016-09-17,500,1.4859000000000002,4630
2016-09-17,500,1.7907,4085
2016-09-17,500,2.0955000000000004,4462
2016-09-17,500,2.4003000000000005,4851
2016-09-17,501,0.26670000000000005,1197
2016-09-17,501,0.5715000000000001,4201
2016-09-17,501,0.8763000000000001,4656
2016-09-17,501,1.1811,4858
2016-09-17,501,1.4859000000000002,4610
2016-09-17,501,1.7907,4476
2016-09-17,501,2.0955000000000004,4149
2016-09-17,501,2.4003000000000005,3942
2016-09-17,501,2.7051,4079
2016-09-17,501,3.0099,4175
2016-09-17,501,3.3147,4199
2016-09-17,501,3.6195000000000004,4445
2016-09-17,501,3.9242999999999997,4585
2016-09-17,501,4.2291,5411
2016-09-17,501,4.5339,4847
2016-09-17,501,4.8387,5548
2016-09-17,501,5.1435,5834
2016-09-17,501,5.4483,5770
2016-09-17,501,5.7531,5637
2016-09-17,501,6.0579,5866
2016-09-17,501,6.3627,6276
2016-09-17,501,6.6675,5646
2016-09-17,501,6.972300000000001,5390
2016-09-17,501,7.2771,5387
2016-09-17,501,7.5819,4256
2016-09-17,501,7.886699999999999,4486
2016-09-17,501,8.1915,4244
2016-09-17,501,8.4963,4027
2016-09-17,501,8.8011,4042
2016-09-17,501,9.1059,4728
2016-09-17,501,9.4107,6115
2016-09-17,502,0.26670000000000005,2139
2016-09-17,502,0.5715000000000001,4817
2016-09-17,502,0.8763000000000001,5076
2016-09-17,502,1.1811,5921
2016-09-17,502,1.4859000000000002,5449
2016-09-17,502,1.7907,5548
2016-09-17,502,2.0955000000000004,5719
2016-09-17,503,0.26670000000000005,2605
2016-09-17,503,0.5715000000000001,3628
2016-09-17,503,0.8763000000000001,3742
2016-09-17,503,1.1811,3775
2016-09-17,503,1.4859000000000002,3856
2016-09-17,503,1.7907,3776
2016-09-17,503,2.0955000000000004,3997
2016-09-17,503,2.4003000000000005,3684
2016-09-17,503,2.7051,3724
2016-09-17,503,3.0099,3978
2016-09-17,503,3.3147,3826
2016-09-17,503,3.6195000000000004,3857
2016-09-17,503,3.9242999999999997,3817
2016-09-17,503,4.2291,3804
2016-09-17,503,4.5339,3932
2016-09-17,503,4.8387,4093
2016-09-17,503,5.1435,3941
2016-09-17,503,5.4483,4044
2016-09-17,503,5.7531,4036
2016-09-17,503,6.0579,4030
2016-09-17,503,6.3627,4199
2016-09-17,503,6.6675,4108
2016-09-17,503,6.972300000000001,4205
2016-09-17,503,7.2771,4175
2016-09-17,503,7.5819,4018
2016-09-17,505,0.26670000000000005,2996
2016-09-17,505,0.5715000000000001,4171
2016-09-17,505,0.8763000000000001,3852
2016-09-17,505,1.1811,4332
2016-09-17,505,1.4859000000000002,4265
2016-09-17,505,1.7907,4383
2016-09-17,505,2.0955000000000004,4426
2016-09-17,505,2.4003000000000005,4510
2016-09-17,505,2.7051,4163
2016-09-17,505,3.0099,4101
2016-09-17,505,3.3147,4507
2016-09-17,505,3.6195000000000004,4454
2016-09-17,505,3.9242999999999997,4613
2016-09-17,505,4.2291,4993
2016-09-17,505,4.5339,4943
2016-09-17,505,4.8387,5275
2016-09-17,505,5.1435,5086
2016-09-17,505,5.4483,5266
2016-09-17,505,5.7531,5129
2016-09-17,505,6.0579,5186
2016-09-17,506,0.26670000000000005,3301
2016-09-17,506,0.5715000000000001,4568
2016-09-17,506,0.8763000000000001,4491
2016-09-17,506,1.1811,4720
2016-09-17,506,1.4859000000000002,5057
2016-09-17,506,1.7907,5448
2016-09-17,506,2.0955000000000004,5098
2016-09-17,506,2.4003000000000005,5390
2016-09-17,506,2.7051,5432
2016-09-17,506,3.0099,5295
2016-09-17,506,3.3147,5930
2016-09-17,507,0.26670000000000005,4343
2016-09-17,507,0.5715000000000001,5548
2016-09-17,507,0.8763000000000001,4865
2016-09-17,507,1.1811,4845
2016-09-17,507,1.4859000000000002,4688
2016-09-17,508,0.26670000000000005,4490
2016-09-17,508,0.5715000000000001,6611
2016-09-17,508,0.8763000000000001,6415
2016-09-17,508,1.1811,7008
2016-09-17,508,1.4859000000000002,7319
2016-09-17,MN-1,0.26670000000000005,3114
2016-09-17,MN-1,0.5715000000000001,5306
2016-09-17,MN-1,0.8763000000000001,4665
2016-09-17,MN-1,1.1811,4918
2016-09-17,MN-1,1.4859000000000002,5347
2016-09-17,MN-1,1.7907,6273
2016-09-17,MN-1,2.0955000000000004,7062
2016-09-17,MS-4,0.26670000000000005,3161
2016-09-17,MS-4,0.5715000000000001,3719
2016-09-17,MS-4,0.8763000000000001,4668
2016-09-17,MS-4,1.1811,4777
2016-09-17,MS-4,1.4859000000000002,5229
2016-09-17,MS-4,1.7907,5999
