day,Hole ID,Depth (m),Neutron Count (MD),Theta
2016-05-02,500,0.09,1755,0.09646
2016-05-02,500,0.4,5118,0.338596
2016-05-02,500,0.7,5577,0.37164400000000003
2016-05-02,500,1.01,5321,0.35321199999999997
2016-05-02,500,1.31,5256,0.348532
2016-05-02,501,0.07,1675,0.0907
2016-05-02,501,0.37,5696,0.380212
2016-05-02,501,0.68,5940,0.39778
2016-05-02,501,0.98,5850,0.391348
2016-05-02,501,1.29,5496,0.36581199999999997
2016-05-02,501,1.59,4885,0.32182
2016-05-02,501,1.9,4278,0.278116
2016-05-02,501,2.2,3982,0.256804
2016-05-02,501,2.51,4051,0.261772
2016-05-02,501,2.81,4258,0.27667600000000003
2016-05-02,501,3.12,4336,0.282292
2016-05-02,501,3.42,4286,0.278692
2016-05-02,501,3.73,4544,0.297268
2016-05-02,501,4.03,5472,0.364084
2016-05-02,501,4.34,4927,0.324844
2016-05-02,501,4.64,5655,0.37726
2016-05-02,501,4.95,6044,0.40526799999999996
2016-05-02,501,5.25,5769,0.385468
2016-05-02,501,5.56,5615,0.37438
2016-05-02,501,5.86,5834,0.390148
2016-05-02,501,6.17,6168,0.414196
2016-05-02,501,6.47,5720,0.38194
2016-05-02,501,6.78,5623,0.374956
2016-05-02,501,7.08,5420,0.36034
2016-05-02,501,7.38,4445,0.29014
2016-05-02,501,7.69,4718,0.309796
2016-05-02,501,7.99,4281,0.278332
2016-05-02,501,8.3,4131,0.267532
2016-05-02,501,8.6,4001,0.25817199999999996
2016-05-02,502,0.13,2924,0.124952
2016-05-02,502,0.44,6136,0.27912800000000004
2016-05-02,502,0.74,5923,0.268904
2016-05-02,502,1.05,6585,0.30068
2016-05-02,503,0.2,3427,0.216844
2016-05-02,503,0.5,4217,0.27372399999999997
2016-05-02,503,0.81,4257,0.276604
2016-05-02,503,1.11,4531,0.296332
2016-05-02,503,1.42,4422,0.288484
2016-05-02,503,1.72,4397,0.286684
2016-05-02,503,2.03,4462,0.291364
2016-05-02,503,2.33,4200,0.2725
2016-05-02,503,2.64,4129,0.267388
2016-05-02,503,2.94,4351,0.28337199999999996
2016-05-02,503,3.25,4002,0.25824400000000003
2016-05-02,503,3.55,4069,0.26306799999999997
2016-05-02,503,3.86,3850,0.2473
2016-05-02,503,4.16,3875,0.2491
2016-05-02,503,4.47,4145,0.26854
2016-05-02,503,4.77,4118,0.266596
2016-05-02,503,5.08,4097,0.26508400000000004
2016-05-02,503,5.38,3971,0.25601199999999996
2016-05-02,503,5.69,4238,0.27523600000000004
2016-05-02,503,5.99,3819,0.24506799999999998
2016-05-02,503,6.3,4153,0.26911599999999997
2016-05-02,503,6.6,4108,0.265876
2016-05-02,503,6.91,4194,0.272068
2016-05-02,505,0.21,4569,0.20391199999999998
2016-05-02,505,0.51,5422,0.244856
2016-05-02,505,0.82,4657,0.20813600000000002
2016-05-02,505,1.12,4985,0.223912
2016-05-02,505,1.43,5076,0.228248
2016-05-02,505,1.73,4951,0.222248
2016-05-02,505,2.04,4597,0.205256
2016-05-02,505,2.34,5213,0.23482399999999998
2016-05-02,505,2.65,5226,0.235448
2016-05-02,505,2.95,5150,0.2318
2016-05-02,505,3.26,5446,0.246008
2016-05-02,505,3.56,4859,0.21783200000000003
2016-05-02,505,3.87,4958,0.222584
2016-05-02,505,4.17,5416,0.24456799999999998
2016-05-02,505,4.48,5291,0.23856799999999997
2016-05-02,505,4.78,5744,0.260312
2016-05-02,505,5.09,5246,0.23640799999999998
2016-05-02,505,5.39,5547,0.25085599999999997
2016-05-02,505,5.7,5031,0.226088
2016-05-02,505,6.0,5095,0.22916
2016-05-02,506,0.2,4610,0.30201999999999996
2016-05-02,506,0.51,6046,0.405412
2016-05-02,506,0.81,5928,0.396916
2016-05-02,506,1.12,5771,0.38563600000000003
2016-05-02,506,1.42,5817,0.388924
2016-05-02,506,1.73,6180,0.41506000000000004
2016-05-02,standard counts,0.0,7536,
2016-05-19,500,0.4,4594,0.30086799999999997
2016-05-19,500,0.7,5149,0.340828
2016-05-19,500,1.01,5233,0.34687599999999996
2016-05-19,500,1.31,5173,0.34255599999999997
2016-05-19,501,0.37,5002,0.330244
2016-05-19,501,0.68,5785,0.38661999999999996
2016-05-19,501,0.98,5707,0.381028
2016-05-19,501,1.29,5389,0.358108
2016-05-19,501,1.59,4915,0.32398000000000005
2016-05-19,501,1.9,4202,0.272644
2016-05-19,501,2.2,4188,0.271636
2016-05-19,501,2.51,4103,0.265516
2016-05-19,501,2.81,4294,0.27926799999999996
2016-05-19,501,3.12,4270,0.27754
2016-05-19,501,3.42,4262,0.276964
2016-05-19,501,3.73,4606,0.301732
2016-05-19,501,4.03,5584,0.372148
2016-05-19,501,4.34,4832,0.318004
2016-05-19,501,4.64,5495,0.36574
2016-05-19,501,4.95,5954,0.39878800000000003
2016-05-19,501,5.25,5651,0.376972
2016-05-19,501,5.56,5622,0.374884
2016-05-19,501,5.86,5884,0.393748
2016-05-19,501,6.17,6222,0.418084
2016-05-19,501,6.47,5552,0.369844
2016-05-19,501,6.78,5659,0.377548
2016-05-19,501,7.08,5398,0.358756
2016-05-19,501,7.38,4400,0.2869
2016-05-19,501,7.69,4745,0.31174
2016-05-19,501,7.99,4227,0.274444
2016-05-19,501,8.3,4079,0.263788
2016-05-19,501,8.6,4130,0.26746
2016-05-19,502,0.44,5605,0.25364000000000003
2016-05-19,502,0.74,5605,0.25364000000000003
2016-05-19,503,0.5,3893,0.250396
2016-05-19,503,0.81,4194,0.272068
2016-05-19,503,1.11,4370,0.28474000000000005
2016-05-19,503,1.42,4179,0.270988
2016-05-19,503,1.72,4270,0.27754
2016-05-19,503,2.03,4368,0.284596
2016-05-19,503,2.33,4179,0.270988
2016-05-19,503,2.64,4123,0.26695599999999997
2016-05-19,503,2.94,4466,0.291652
2016-05-19,503,3.25,3982,0.256804
2016-05-19,503,3.55,3917,0.25212399999999996
2016-05-19,503,3.86,3909,0.251548
2016-05-19,503,4.16,3914,0.25190799999999997
2016-05-19,503,4.47,3967,0.25572399999999995
2016-05-19,503,4.77,4065,0.26278
2016-05-19,503,5.08,4041,0.261052
2016-05-19,503,5.38,4110,0.26602
2016-05-19,503,5.69,4113,0.26623600000000003
2016-05-19,503,5.99,3932,0.253204
2016-05-19,503,6.3,4277,0.278044
2016-05-19,503,6.6,4080,0.26386
2016-05-19,503,6.91,4187,0.27156399999999997
2016-05-19,505,0.51,5017,0.22541599999999998
2016-05-19,505,0.82,4448,0.198104
2016-05-19,505,1.12,4895,0.219576
2016-05-19,505,1.43,5065,0.22771999999999998
2016-05-19,505,1.73,4929,0.221192
2016-05-19,505,2.04,4627,0.206696
2016-05-19,505,2.34,5065,0.22771999999999998
2016-05-19,505,2.65,5114,0.23007199999999997
2016-05-19,505,2.95,5075,0.2282
2016-05-19,505,3.26,5323,0.24010399999999998
2016-05-19,505,3.56,4835,0.21668
2016-05-19,505,3.87,4951,0.222248
2016-05-19,505,4.17,5496,0.248408
2016-05-19,505,4.48,5262,0.23717600000000003
2016-05-19,505,4.78,5716,0.258968
2016-05-19,505,5.09,5209,0.234632
2016-05-19,505,5.39,5534,0.250232
2016-05-19,505,5.7,5073,0.228104
2016-05-19,506,0.51,5883,0.393676
2016-05-19,506,0.81,5818,0.388996
2016-05-19,506,1.12,5739,0.383308
2016-05-19,506,1.42,5954,0.39878800000000003
2016-05-19,506,1.73,6010,0.40281999999999996
2016-05-19,506,2.03,5743,0.383596
2016-05-19,506,2.34,5761,0.384892
2016-05-19,507,0.51,6078,0.276344
2016-05-19,507,0.82,5399,0.243752
2016-05-19,508,0.51,7369,0.338312
2016-05-19,MN-1,0.19,6065,0.27571999999999997
2016-05-19,MN-1,0.5,7090,0.32492
2016-05-19,MN-1,0.8,5463,0.246824
2016-05-19,MN-1,1.11,5629,0.254824
2016-05-19,MN-1,1.41,6525,0.2978
2016-05-19,standard counts,0.0,7562,
2016-06-10,500,0.4,4278,0.278116
2016-06-10,500,0.7,4802,0.315844
2016-06-10,500,1.01,4706,0.308932
2016-06-10,500,1.31,4768,0.313396
2016-06-10,501,0.37,4449,0.290428
2016-06-10,501,0.68,4811,0.316492
2016-06-10,501,0.98,4914,0.32390800000000003
2016-06-10,501,1.29,4998,0.32995599999999997
2016-06-10,501,1.59,4821,0.317212
2016-06-10,501,1.9,4308,0.280276
2016-06-10,501,2.2,4012,0.25896399999999997
2016-06-10,501,2.51,4097,0.26508400000000004
2016-06-10,501,2.81,4298,0.27955599999999997
2016-06-10,501,3.12,4208,0.27307600000000004
2016-06-10,501,3.42,4224,0.274228
2016-06-10,501,3.73,4642,0.304324
2016-06-10,501,4.03,5563,0.370636
2016-06-10,501,4.34,4917,0.32412399999999997
2016-06-10,501,4.64,5591,0.372652
2016-06-10,501,4.95,5927,0.39684400000000003
2016-06-10,501,5.25,5719,0.381868
2016-06-10,501,5.56,5745,0.38374
2016-06-10,501,5.86,5895,0.39454
2016-06-10,501,6.17,6275,0.4219
2016-06-10,501,6.47,5683,0.379276
2016-06-10,501,6.78,5645,0.37654
2016-06-10,501,7.08,5394,0.358468
2016-06-10,501,7.38,4393,0.286396
2016-06-10,501,7.69,4630,0.30346
2016-06-10,501,7.99,4274,0.277828
2016-06-10,501,8.3,4117,0.266524
2016-06-10,501,8.6,4068,0.262996
2016-06-10,501,8.91,4742,0.31152399999999997
2016-06-10,502,0.13,2583,0.10858399999999999
2016-06-10,502,0.44,5161,0.232328
2016-06-10,502,0.74,5266,0.237368
2016-06-10,502,1.05,6151,0.27984799999999993
2016-06-10,503,0.2,2767,0.169324
2016-06-10,503,0.5,3728,0.23851599999999998
2016-06-10,503,0.81,4048,0.261556
2016-06-10,503,1.11,4213,0.273436
2016-06-10,503,1.42,4181,0.27113200000000004
2016-06-10,503,1.72,4333,0.28207600000000005
2016-06-10,503,2.03,4362,0.28416399999999997
2016-06-10,503,2.33,4117,0.266524
2016-06-10,503,2.64,4080,0.26386
2016-06-10,503,2.94,4321,0.28121199999999996
2016-06-10,503,3.25,4058,0.262276
2016-06-10,503,3.55,3985,0.25701999999999997
2016-06-10,503,3.86,3862,0.248164
2016-06-10,503,4.16,3947,0.254284
2016-06-10,503,4.47,4096,0.26501199999999997
2016-06-10,503,4.77,4134,0.267748
2016-06-10,503,5.08,4010,0.25882
2016-06-10,503,5.38,4023,0.259756
2016-06-10,503,5.69,4148,0.268756
2016-06-10,503,5.99,3932,0.253204
2016-06-10,503,6.3,4172,0.270484
2016-06-10,503,6.6,4077,0.263644
2016-06-10,503,6.91,4253,0.276316
2016-06-10,503,7.21,4165,0.26998
2016-06-10,505,0.21,3361,0.145928
2016-06-10,505,0.51,4560,0.20348
2016-06-10,505,0.82,4194,0.185912
2016-06-10,505,1.12,4729,0.211592
2016-06-10,505,1.43,4749,0.212552
2016-06-10,505,1.73,4640,0.20731999999999998
2016-06-10,505,2.04,4504,0.200792
2016-06-10,505,2.34,4957,0.222536
2016-06-10,505,2.65,4981,0.223688
2016-06-10,505,2.95,4969,0.22311199999999998
2016-06-10,505,3.26,5247,0.236456
2016-06-10,505,3.56,4784,0.214232
2016-06-10,505,3.87,5039,0.22647199999999998
2016-06-10,505,4.17,5376,0.242648
2016-06-10,505,4.48,5186,0.233528
2016-06-10,505,4.78,5645,0.25556
2016-06-10,505,5.09,5206,0.234488
2016-06-10,505,5.39,5463,0.246824
2016-06-10,505,5.7,5143,0.23146399999999998
2016-06-10,506,0.2,3586,0.228292
2016-06-10,506,0.51,4984,0.328948
2016-06-10,506,0.81,4927,0.324844
2016-06-10,506,1.12,5445,0.3621640000000001
2016-06-10,506,1.42,5853,0.391516
2016-06-10,506,1.73,5892,0.39432399999999995
2016-06-10,506,2.03,5517,0.367324
2016-06-10,506,2.34,5795,0.38734
2016-06-10,506,2.64,5699,0.38042800000000004
2016-06-10,507,0.21,4868,0.21826399999999999
2016-06-10,507,0.51,5378,0.24274400000000002
2016-06-10,507,0.82,4932,0.221336
2016-06-10,507,1.12,4801,0.21508000000000002
2016-06-10,508,0.21,4529,0.201992
2016-06-10,508,0.51,6753,0.308744
2016-06-10,508,0.82,6543,0.298664
2016-06-10,MN-1,0.19,4250,0.1886
2016-06-10,MN-1,0.5,6384,0.291032
2016-06-10,MN-1,0.8,5041,0.226568
2016-06-10,MN-1,1.11,5322,0.24005600000000002
2016-06-10,MN-1,1.41,6398,0.291704
2016-06-10,MS-4,0.2,4072,0.180056
2016-06-10,MS-4,0.5,5219,0.235112
2016-06-10,MS-4,0.81,5590,0.25292
2016-06-10,MS-4,1.11,5253,0.23676
2016-06-10,standard counts,0.0,7510,
2016-06-25,500,0.09,1503,0.078316
2016-06-25,500,0.4,4191,0.271852
2016-06-25,500,0.7,4754,0.312388
2016-06-25,500,1.01,4641,0.304276
2016-06-25,500,1.31,4706,0.30893200000000004
2016-06-25,501,0.07,1392,0.070324
2016-06-25,501,0.37,4407,0.287404
2016-06-25,501,0.68,4768,0.313396
2016-06-25,501,0.98,4924,0.32462799999999997
2016-06-25,501,1.29,4932,0.325204
2016-06-25,501,1.59,4479,0.292588
2016-06-25,501,1.9,4273,0.277756
2016-06-25,501,2.2,4037,0.260764
2016-06-25,501,2.51,3997,0.257884
2016-06-25,501,2.81,4317,0.28092399999999995
2016-06-25,501,3.12,4293,0.279196
2016-06-25,501,3.42,4374,0.285028
2016-06-25,501,3.73,4556,0.298132
2016-06-25,501,4.03,5467,0.363724
2016-06-25,501,4.34,4827,0.317644
2016-06-25,501,4.64,5631,0.37553200000000003
2016-06-25,501,4.95,5982,0.400804
2016-06-25,501,5.25,5911,0.395692
2016-06-25,501,5.56,5663,0.377836
2016-06-25,501,5.86,5855,0.39166
2016-06-25,501,6.17,6234,0.41894799999999993
2016-06-25,501,6.47,5687,0.379564
2016-06-25,501,6.78,5642,0.376324
2016-06-25,501,7.08,5454,0.362788
2016-06-25,501,7.38,4291,0.279052
2016-06-25,501,7.69,4658,0.305476
2016-06-25,501,7.99,4252,0.276244
2016-06-25,501,8.3,4115,0.26638
2016-06-25,501,8.6,4092,0.26472399999999996
2016-06-25,501,8.91,4696,0.308212
2016-06-25,502,0.13,2555,0.10724000000000002
2016-06-25,502,0.44,5017,0.22541599999999998
2016-06-25,502,0.74,5324,0.240152
2016-06-25,502,1.05,6106,0.27772
2016-06-25,502,1.35,6008,0.272984
2016-06-25,503,0.2,3521,0.22361199999999998
2016-06-25,503,0.5,3821,0.24521199999999999
2016-06-25,503,0.81,3944,0.25406799999999996
2016-06-25,503,1.11,4165,0.26998000000000005
2016-06-25,503,1.42,4120,0.26674000000000003
2016-06-25,503,1.72,4068,0.262996
2016-06-25,503,2.03,4327,0.281644
2016-06-25,503,2.33,4051,0.261772
2016-06-25,503,2.64,4023,0.259756
2016-06-25,503,2.94,4407,0.287404
2016-06-25,503,3.25,3943,0.253996
2016-06-25,503,3.55,3984,0.256948
2016-06-25,503,3.86,3926,0.252772
2016-06-25,503,4.16,3891,0.250252
2016-06-25,503,4.47,4016,0.259252
2016-06-25,503,4.77,4206,0.272932
2016-06-25,503,5.08,4008,0.258676
2016-06-25,503,5.38,4067,0.262924
2016-06-25,503,5.69,4108,0.265876
2016-06-25,503,5.99,3917,0.25212399999999996
2016-06-25,503,6.3,4208,0.27307600000000004
2016-06-25,503,6.6,4186,0.271492
2016-06-25,503,6.91,4165,0.26998
2016-06-25,503,7.21,4060,0.26242
2016-06-25,505,0.21,3721,0.163208
2016-06-25,505,0.51,4527,0.201896
2016-06-25,505,0.82,4100,0.1814
2016-06-25,505,1.12,4785,0.21429599999999996
2016-06-25,505,1.43,4858,0.217784
2016-06-25,505,1.73,4683,0.20938400000000001
2016-06-25,505,2.04,4509,0.201032
2016-06-25,505,2.34,4900,0.2198
2016-06-25,505,2.65,4605,0.20564000000000002
2016-06-25,505,2.95,4798,0.21490399999999998
2016-06-25,505,3.26,5069,0.22791199999999998
2016-06-25,505,3.56,4782,0.21413600000000002
2016-06-25,505,3.87,5005,0.22484
2016-06-25,505,4.17,5390,0.24331999999999998
2016-06-25,505,4.48,5148,0.231704
2016-06-25,505,4.78,5707,0.258536
2016-06-25,505,5.09,5214,0.23487199999999997
2016-06-25,505,5.39,5427,0.245096
2016-06-25,505,5.7,5083,0.228584
2016-06-25,506,0.2,3864,0.248308
2016-06-25,506,0.51,4812,0.316564
2016-06-25,506,0.81,4682,0.307204
2016-06-25,506,1.12,4929,0.324988
2016-06-25,506,1.42,5526,0.36797199999999997
2016-06-25,506,1.73,5589,0.372508
2016-06-25,506,2.03,5768,0.385396
2016-06-25,506,2.34,5723,0.382156
2016-06-25,506,2.64,5677,0.378844
2016-06-25,507,0.21,5078,0.22834400000000002
2016-06-25,507,0.51,5538,0.250424
2016-06-25,507,0.82,4821,0.216008
2016-06-25,507,1.12,4783,0.21420000000000003
2016-06-25,508,0.21,5322,0.240056
2016-06-25,508,0.51,6835,0.31268
2016-06-25,508,0.82,6483,0.295784
2016-06-25,508,1.12,7208,0.3306
2016-06-25,MN-1,0.19,4258,0.18898399999999999
2016-06-25,MN-1,0.5,5970,0.27116
2016-06-25,MN-1,0.8,4934,0.22143200000000002
2016-06-25,MN-1,1.11,5291,0.2386
2016-06-25,MN-1,1.41,5912,0.268376
2016-06-25,MS-4,0.2,4252,0.188696
2016-06-25,MS-4,0.5,4708,0.21058400000000002
2016-06-25,MS-4,0.81,5254,0.236792
2016-06-25,MS-4,1.11,5126,0.23066399999999998
2016-06-25,MS-4,1.42,6070,0.27596
2016-06-25,standard counts,0.0,7464,
2016-07-25,500,0.09,1422,0.072484
2016-07-25,500,0.4,4315,0.28078000000000003
2016-07-25,500,0.7,4765,0.31318
2016-07-25,500,1.01,4480,0.29270799999999997
2016-07-25,500,1.31,4604,0.301588
2016-07-25,500,1.62,4201,0.272572
2016-07-25,501,0.07,1308,0.064276
2016-07-25,501,0.37,4296,0.279412
2016-07-25,501,0.68,4687,0.307564
2016-07-25,501,0.98,4802,0.31586800000000004
2016-07-25,501,1.29,4554,0.29798800000000003
2016-07-25,501,1.59,4338,0.282436
2016-07-25,501,1.9,4096,0.26501199999999997
2016-07-25,501,2.2,3986,0.257092
2016-07-25,501,2.51,4051,0.261772
2016-07-25,501,2.81,4127,0.267244
2016-07-25,501,3.12,4244,0.27566799999999997
2016-07-25,501,3.42,4281,0.278332
2016-07-25,501,3.73,4690,0.30778
2016-07-25,501,4.03,5453,0.362716
2016-07-25,501,4.34,4964,0.32750799999999997
2016-07-25,501,4.64,5590,0.37258
2016-07-25,501,4.95,5980,0.40066
2016-07-25,501,5.25,5770,0.38554
2016-07-25,501,5.56,5726,0.382372
2016-07-25,501,5.86,5870,0.39274000000000003
2016-07-25,501,6.17,6113,0.410236
2016-07-25,501,6.47,5669,0.378268
2016-07-25,501,6.78,5550,0.3697
2016-07-25,501,7.08,5316,0.352852
2016-07-25,501,7.38,4261,0.276892
2016-07-25,501,7.69,4519,0.295468
2016-07-25,501,7.99,4263,0.277036
2016-07-25,501,8.3,4087,0.264364
2016-07-25,501,8.6,4034,0.260548
2016-07-25,501,8.91,4676,0.306772
2016-07-25,502,0.13,2357,0.097736
2016-07-25,502,0.44,4983,0.223784
2016-07-25,502,0.74,5277,0.237896
2016-07-25,502,1.05,5970,0.27116
2016-07-25,502,1.35,5639,0.255272
2016-07-25,502,1.66,5654,0.255992
2016-07-25,503,0.2,3823,0.245356
2016-07-25,503,0.5,3773,0.241756
2016-07-25,503,0.81,3915,0.25198000000000004
2016-07-25,503,1.11,3983,0.25687600000000005
2016-07-25,503,1.42,3997,0.257884
2016-07-25,503,1.72,4132,0.267604
2016-07-25,503,2.03,4082,0.264004
2016-07-25,503,2.33,3975,0.2563
2016-07-25,503,2.64,3839,0.246508
2016-07-25,503,2.94,4293,0.279196
2016-07-25,503,3.25,3963,0.255436
2016-07-25,503,3.55,3907,0.251404
2016-07-25,503,3.86,3794,0.24326799999999998
2016-07-25,503,4.16,3865,0.24838000000000002
2016-07-25,503,4.47,4096,0.26501199999999997
2016-07-25,503,4.77,4110,0.26602
2016-07-25,503,5.08,3977,0.256444
2016-07-25,503,5.38,4009,0.258748
2016-07-25,503,5.69,4152,0.269044
2016-07-25,503,5.99,3973,0.256156
2016-07-25,503,6.3,4138,0.268036
2016-07-25,503,6.6,4101,0.265372
2016-07-25,503,7.01,4139,0.268108
2016-07-25,503,7.29,4225,0.2743
2016-07-25,503,7.51,4097,0.26508400000000004
2016-07-25,505,0.21,3123,0.13450399999999998
2016-07-25,505,0.51,4377,0.194696
2016-07-25,505,0.82,3940,0.17372
2016-07-25,505,1.12,4568,0.20386399999999996
2016-07-25,505,1.43,4562,0.203576
2016-07-25,505,1.73,4492,0.200216
2016-07-25,505,2.04,4372,0.194456
2016-07-25,505,2.34,4835,0.21668
2016-07-25,505,2.65,4407,0.19613599999999998
2016-07-25,505,2.95,4510,0.20108
2016-07-25,505,3.26,4993,0.224264
2016-07-25,505,3.56,4510,0.20108
2016-07-25,505,3.87,4744,0.212312
2016-07-25,505,4.17,5200,0.2342
2016-07-25,505,4.48,5024,0.225752
2016-07-25,505,4.78,5612,0.25397600000000004
2016-07-25,505,5.09,5203,0.234344
2016-07-25,505,5.39,5336,0.24072800000000003
2016-07-25,505,5.7,5205,0.23444
2016-07-25,505,6.0,5160,0.23228000000000001
2016-07-25,506,0.2,3786,0.24269200000000002
2016-07-25,506,0.51,4767,0.313324
2016-07-25,506,0.81,4548,0.297556
2016-07-25,506,1.12,4781,0.314332
2016-07-25,506,1.42,5082,0.33600399999999997
2016-07-25,506,1.73,5416,0.360052
2016-07-25,506,2.03,5059,0.334348
2016-07-25,506,2.34,5328,0.353716
2016-07-25,506,2.64,5486,0.365092
2016-07-25,506,2.95,5639,0.376108
2016-07-25,507,0.21,4490,0.20012
2016-07-25,507,0.51,5612,0.25397600000000004
2016-07-25,507,0.82,4934,0.22143200000000002
2016-07-25,507,1.12,4834,0.21663200000000002
2016-07-25,507,1.43,4756,0.21288800000000002
2016-07-25,508,0.21,4501,0.200648
2016-07-25,508,0.51,6688,0.30562399999999995
2016-07-25,508,0.82,6410,0.29228000000000004
2016-07-25,508,1.12,7084,0.324632
2016-07-25,508,1.43,7409,0.34023200000000003
2016-07-25,MN-1,0.19,3443,0.149864
2016-07-25,MN-1,0.5,5680,0.25724
2016-07-25,MN-1,0.8,4801,0.215048
2016-07-25,MN-1,1.11,5093,0.22906400000000002
2016-07-25,MN-1,1.41,5608,0.253784
2016-07-25,MN-1,1.72,6588,0.300824
2016-07-25,MN-1,2.02,8023,0.369704
2016-07-25,MS-4,0.2,3186,0.13752799999999998
2016-07-25,MS-4,0.5,4077,0.180296
2016-07-25,MS-4,0.81,4803,0.215144
2016-07-25,MS-4,1.11,4841,0.21698399999999998
2016-07-25,MS-4,1.42,5647,0.255656
2016-07-25,MS-4,1.72,6321,0.288008
2016-07-25,standard counts,0.0,7509,
2016-08-26,500,0.09,1366,0.068452
2016-08-26,500,0.4,4360,0.28402
2016-08-26,500,0.7,4717,0.309724
2016-08-26,500,1.01,4460,0.29122000000000003
2016-08-26,500,1.31,4573,0.299356
2016-08-26,500,1.62,4064,0.262708
2016-08-26,500,1.92,4613,0.302236
2016-08-26,501,0.07,1116,0.050452
2016-08-26,501,0.37,4300,0.2797
2016-08-26,501,0.68,4651,0.30497199999999997
2016-08-26,501,0.98,4703,0.30874
2016-08-26,501,1.29,4563,0.298636
2016-08-26,501,1.59,4403,0.287116
2016-08-26,501,1.9,4207,0.27300399999999997
2016-08-26,501,2.2,3840,0.24658000000000002
2016-08-26,501,2.51,4087,0.264364
2016-08-26,501,2.81,4282,0.278404
2016-08-26,501,3.12,4227,0.274444
2016-08-26,501,3.42,4326,0.281572
2016-08-26,501,3.73,4623,0.302956
2016-08-26,501,4.03,5428,0.36091599999999996
2016-08-26,501,4.34,4720,0.30994
2016-08-26,501,4.64,5627,0.375244
2016-08-26,501,4.95,5869,0.39266799999999996
2016-08-26,501,5.25,5788,0.386836
2016-08-26,501,5.56,5610,0.37401999999999996
2016-08-26,501,5.86,5874,0.39302800000000004
2016-08-26,501,6.17,6241,0.41945200000000005
2016-08-26,501,6.47,5608,0.37387600000000004
2016-08-26,501,6.78,5520,0.36754000000000003
2016-08-26,501,7.08,5396,0.358612
2016-08-26,501,7.38,4250,0.2761
2016-08-26,501,7.69,4583,0.300076
2016-08-26,501,7.99,4106,0.265732
2016-08-26,501,8.3,4133,0.267676
2016-08-26,501,8.6,4086,0.264292
2016-08-26,501,8.91,4715,0.30958
2016-08-26,502,0.13,2322,0.09605599999999999
2016-08-26,502,0.44,4877,0.218696
2016-08-26,502,0.74,5103,0.229544
2016-08-26,502,1.05,5941,0.269784
2016-08-26,502,1.35,5558,0.251384
2016-08-26,502,1.66,5398,0.243704
2016-08-26,503,0.2,2780,0.17026
2016-08-26,503,0.5,3679,0.234988
2016-08-26,503,0.81,3839,0.246508
2016-08-26,503,1.11,3812,0.244588
2016-08-26,503,1.42,3937,0.253564
2016-08-26,503,1.72,3929,0.252988
2016-08-26,503,2.03,4016,0.259252
2016-08-26,503,2.33,3743,0.239596
2016-08-26,503,2.64,3745,0.23974
2016-08-26,503,2.94,3997,0.257884
2016-08-26,503,3.25,3703,0.23671599999999998
2016-08-26,503,3.55,3826,0.24557199999999998
2016-08-26,503,3.86,3826,0.24557199999999998
2016-08-26,503,4.16,3767,0.24132399999999998
2016-08-26,503,4.47,3985,0.25701999999999997
2016-08-26,503,4.77,4019,0.259468
2016-08-26,503,5.08,4008,0.258676
2016-08-26,503,5.38,4065,0.26278
2016-08-26,503,5.69,4124,0.26702800000000004
2016-08-26,503,5.99,3928,0.252916
2016-08-26,503,6.3,4208,0.27307600000000004
2016-08-26,503,6.6,4141,0.268252
2016-08-26,503,7.01,4106,0.265732
2016-08-26,503,7.29,4161,0.269692
2016-08-26,503,7.51,4028,0.26011599999999996
2016-08-26,503,7.82,4244,0.27566799999999997
2016-08-26,505,0.21,2974,0.127352
2016-08-26,505,0.51,4184,0.18543199999999999
2016-08-26,505,0.82,3868,0.170264
2016-08-26,505,1.12,4374,0.194568
2016-08-26,505,1.43,4464,0.198872
2016-08-26,505,1.73,4456,0.198488
2016-08-26,505,2.04,4320,0.19196
2016-08-26,505,2.34,4628,0.206744
2016-08-26,505,2.65,4435,0.19748
2016-08-26,505,2.95,4243,0.18826400000000001
2016-08-26,505,3.26,4679,0.20919200000000002
2016-08-26,505,3.56,4512,0.201176
2016-08-26,505,3.87,4613,0.20602399999999998
2016-08-26,505,4.17,4942,0.22181599999999999
2016-08-26,505,4.48,5005,0.22484
2016-08-26,505,4.78,5371,0.24240799999999998
2016-08-26,505,5.09,5225,0.2354
2016-08-26,505,5.39,5239,0.23607199999999998
2016-08-26,505,5.7,5179,0.233192
2016-08-26,505,6.0,5121,0.230408
2016-08-26,506,0.2,3507,0.222604
2016-08-26,506,0.51,4627,0.303244
2016-08-26,506,0.81,4597,0.301084
2016-08-26,506,1.12,4780,0.31430800000000003
2016-08-26,506,1.42,5091,0.336652
2016-08-26,506,1.73,5377,0.357244
2016-08-26,506,2.03,5021,0.33161199999999996
2016-08-26,506,2.34,5316,0.352852
2016-08-26,506,2.64,5346,0.355012
2016-08-26,506,2.95,5482,0.364804
2016-08-26,506,3.25,5851,0.391372
2016-08-26,507,0.21,4426,0.197048
2016-08-26,507,0.51,5504,0.248792
2016-08-26,507,0.82,4785,0.21428000000000003
2016-08-26,507,1.12,4768,0.21346400000000001
2016-08-26,507,1.43,4649,0.207752
2016-08-26,508,0.21,4773,0.213704
2016-08-26,508,0.51,6702,0.306296
2016-08-26,508,0.82,6552,0.29909600000000003
2016-08-26,508,1.12,7043,0.32269600000000004
2016-08-26,508,1.43,7231,0.33168800000000004
2016-08-26,MN-1,0.19,3034,0.130232
2016-08-26,MN-1,0.5,5374,0.242552
2016-08-26,MN-1,0.8,4841,0.216968
2016-08-26,MN-1,1.11,5007,0.22496799999999997
2016-08-26,MN-1,1.41,5419,0.24471199999999999
2016-08-26,MN-1,1.72,6329,0.288392
2016-08-26,MN-1,2.02,7171,0.328808
2016-08-26,MS-4,0.2,3141,0.13536800000000002
2016-08-26,MS-4,0.5,3863,0.170024
2016-08-26,MS-4,0.81,4726,0.211448
2016-08-26,MS-4,1.11,4741,0.21220000000000003
2016-08-26,MS-4,1.42,5206,0.234488
2016-08-26,MS-4,1.72,5924,0.268952
2016-08-26,standard counts,0.0,7559,
2016-09-17,500,0.09,1286,0.062692
2016-09-17,500,0.4,4253,0.276316
2016-09-17,500,0.7,4752,0.312244
2016-09-17,500,1.01,4498,0.29397999999999996
2016-09-17,500,1.31,4630,0.30346
2016-09-17,500,1.62,4085,0.26421999999999995
2016-09-17,500,1.92,4462,0.291364
2016-09-17,500,2.23,4851,0.319372
2016-09-17,501,0.07,1197,0.056284
2016-09-17,501,0.37,4201,0.272572
2016-09-17,501,0.68,4656,0.305332
2016-09-17,501,0.98,4858,0.319876
2016-09-17,501,1.29,4610,0.30201999999999996
2016-09-17,501,1.59,4476,0.29237199999999997
2016-09-17,501,1.9,4149,0.268828
2016-09-17,501,2.2,3942,0.253924
2016-09-17,501,2.51,4079,0.263788
2016-09-17,501,2.81,4175,0.2707
2016-09-17,501,3.12,4199,0.272428
2016-09-17,501,3.42,4445,0.29014
2016-09-17,501,3.73,4585,0.30022
2016-09-17,501,4.03,5411,0.359692
2016-09-17,501,4.34,4847,0.31908400000000003
2016-09-17,501,4.64,5548,0.369556
2016-09-17,501,4.95,5834,0.390148
2016-09-17,501,5.25,5770,0.38554
2016-09-17,501,5.56,5637,0.37596399999999996
2016-09-17,501,5.86,5866,0.392452
2016-09-17,501,6.17,6276,0.421972
2016-09-17,501,6.47,5646,0.376612
2016-09-17,501,6.78,5390,0.35818
2016-09-17,501,7.08,5387,0.357964
2016-09-17,501,7.38,4256,0.276532
2016-09-17,501,7.69,4486,0.293092
2016-09-17,501,7.99,4244,0.27566799999999997
2016-09-17,501,8.3,4027,0.260044
2016-09-17,501,8.6,4042,0.26112399999999997
2016-09-17,501,8.91,4728,0.31051599999999996
2016-09-17,501,9.21,6115,0.41038
2016-09-17,502,0.13,2139,0.087272
2016-09-17,502,0.44,4817,0.21581599999999998
2016-09-17,502,0.74,5076,0.228248
2016-09-17,502,1.05,5921,0.26883999999999997
2016-09-17,502,1.35,5449,0.246152
2016-09-17,502,1.66,5548,0.250904
2016-09-17,502,1.96,5719,0.259112
2016-09-17,503,0.2,2605,0.15766
2016-09-17,503,0.5,3628,0.231316
2016-09-17,503,0.81,3742,0.239524
2016-09-17,503,1.11,3775,0.241924
2016-09-17,503,1.42,3856,0.247732
2016-09-17,503,1.72,3776,0.241972
2016-09-17,503,2.03,3997,0.257884
2016-09-17,503,2.33,3684,0.235348
2016-09-17,503,2.64,3724,0.23822800000000002
2016-09-17,503,2.94,3978,0.25651599999999997
2016-09-17,503,3.25,3826,0.24557199999999998
2016-09-17,503,3.55,3857,0.247804
2016-09-17,503,3.86,3817,0.24492399999999998
2016-09-17,503,4.16,3804,0.243988
2016-09-17,503,4.47,3932,0.253204
2016-09-17,503,4.77,4093,0.26479600000000003
2016-09-17,503,5.08,3941,0.253852
2016-09-17,503,5.38,4044,0.261268
2016-09-17,503,5.69,4036,0.26069200000000003
2016-09-17,503,5.99,4030,0.26026
2016-09-17,503,6.3,4199,0.272428
2016-09-17,503,6.6,4108,0.265876
2016-09-17,503,7.01,4205,0.27286
2016-09-17,503,7.29,4175,0.2707
2016-09-17,503,7.51,4018,0.259396
2016-09-17,505,0.21,2996,0.128408
2016-09-17,505,0.51,4171,0.184808
2016-09-17,505,0.82,3852,0.169496
2016-09-17,505,1.12,4332,0.19255200000000003
2016-09-17,505,1.43,4265,0.18932000000000002
2016-09-17,505,1.73,4383,0.194984
2016-09-17,505,2.04,4426,0.197048
2016-09-17,505,2.34,4510,0.20108
2016-09-17,505,2.65,4163,0.184424
2016-09-17,505,2.95,4101,0.181448
2016-09-17,505,3.26,4507,0.200936
2016-09-17,505,3.56,4454,0.198392
2016-09-17,505,3.87,4613,0.20602399999999998
2016-09-17,505,4.17,4993,0.224264
2016-09-17,505,4.48,4943,0.22186399999999998
2016-09-17,505,4.78,5275,0.2378
2016-09-17,505,5.09,5086,0.22872800000000001
2016-09-17,505,5.39,5266,0.237368
2016-09-17,505,5.7,5129,0.230792
2016-09-17,505,6.0,5186,0.233528
2016-09-17,506,0.2,3301,0.20777199999999998
2016-09-17,506,0.51,4568,0.298996
2016-09-17,506,0.81,4491,0.293452
2016-09-17,506,1.12,4720,0.30998800000000004
2016-09-17,506,1.42,5057,0.334204
2016-09-17,506,1.73,5448,0.362356
2016-09-17,506,2.03,5098,0.337156
2016-09-17,506,2.34,5390,0.35818
2016-09-17,506,2.64,5432,0.36120399999999997
2016-09-17,506,2.95,5295,0.35134
2016-09-17,506,3.25,5930,0.39705999999999997
2016-09-17,507,0.21,4343,0.193064
2016-09-17,507,0.51,5548,0.250904
2016-09-17,507,0.82,4865,0.21811999999999998
2016-09-17,507,1.12,4845,0.21716
2016-09-17,507,1.43,4688,0.20962399999999998
2016-09-17,508,0.21,4490,0.20012
2016-09-17,508,0.51,6611,0.30192800000000003
2016-09-17,508,0.82,6415,0.29252
2016-09-17,508,1.12,7008,0.32101599999999997
2016-09-17,508,1.43,7319,0.335912
2016-09-17,MN-1,0.19,3114,0.134072
2016-09-17,MN-1,0.5,5306,0.239288
2016-09-17,MN-1,0.8,4665,0.20851999999999998
2016-09-17,MN-1,1.11,4918,0.220696
2016-09-17,MN-1,1.41,5347,0.241256
2016-09-17,MN-1,1.72,6273,0.285704
2016-09-17,MN-1,2.02,7062,0.32357600000000003
2016-09-17,MS-4,0.2,3161,0.136328
2016-09-17,MS-4,0.5,3719,0.16311199999999998
2016-09-17,MS-4,0.81,4668,0.208664
2016-09-17,MS-4,1.11,4777,0.213896
2016-09-17,MS-4,1.42,5229,0.235592
2016-09-17,MS-4,1.72,5999,0.272552
2016-09-17,standard counts,0.0,7524,
